article,method,our,our_rangeminus,our_rangeplus,depth,depth_range,water_mass,latitude,longitude,ocean
Broecker et al. (1991),O2 + 14C,0.12,-9999,-9999,3605,-9999,Bathypelagic,5,-30,Atlantic
Alvarez-Salgado et al. (2014),O2 + CFC11,8.7,0.3,0.3,116,-9999,SACW-E18,-1.5,7.53,Atlantic
Alvarez-Salgado et al. (2014),O2 + CFC11,7.3,0.01,0.01,116,-9999,SACW-E18,-1.5,7.53,Atlantic
Alvarez-Salgado et al. (2014),O2 + CFC11,7.5,0.4,0.4,116,-9999,SACW-E18,-1.5,7.53,Atlantic
Alvarez-Salgado et al. (2014),O2 + CFC11,10,0.7,0.7,327,-9999,SACW-E12,-4.73,7.95,Atlantic
Alvarez-Salgado et al. (2014),O2 + CFC11,7.3,0.01,0.01,327,-9999,SACW-E12,-4.73,7.95,Atlantic
Alvarez-Salgado et al. (2014),O2 + CFC11,7.8,0.7,0.7,327,-9999,SACW-E12,-4.73,7.95,Atlantic
Alvarez-Salgado et al. (2014),O2 + CFC11,17.5,1.0,1.0,187,-9999,SACW-T18,-28.81,9,Atlantic
Alvarez-Salgado et al. (2014),O2 + CFC11,8.13,0.03,0.03,187,-9999,SACW-T18,-28.81,9,Atlantic
Alvarez-Salgado et al. (2014),O2 + CFC11,13.5,1.6,1.6,187,-9999,SACW-T18,-28.81,9,Atlantic
Alvarez-Salgado et al. (2014),O2 + CFC11,10.4,0.7,0.7,379,-9999,SACW-T12,-30.4,9,Atlantic
Alvarez-Salgado et al. (2014),O2 + CFC11,8.23,0.08,0.08,379,-9999,SACW-T12,-30.4,9,Atlantic
Alvarez-Salgado et al. (2014),O2 + CFC11,12.1,0.9,0.9,379,-9999,SACW-T12,-30.4,9,Atlantic
Alvarez-Salgado et al. (2014),O2 + CFC11,5,0.1,0.1,863,-9999,AAIW,-25.85,8.75,Atlantic
Alvarez-Salgado et al. (2014),O2 + CFC11,3.27,0.05,0.05,863,-9999,AAIW,-25.85,8.75,Atlantic
Alvarez-Salgado et al. (2014),O2 + CFC11,6.3,0.2,0.2,863,-9999,AAIW,-25.85,8.75,Atlantic
Alvarez-Salgado et al. (2014),O2 + CFC11,6.5,1.3,1.3,166,-9999,STMW18,-23.98,-38.6,Atlantic
Alvarez-Salgado et al. (2014),O2 + CFC11,8.3,0.2,0.2,166,-9999,STMW18,-23.98,-38.6,Atlantic
Alvarez-Salgado et al. (2014),O2 + CFC11,10.7,0.8,0.8,166,-9999,STMW18,-23.98,-38.6,Atlantic
Alvarez-Salgado et al. (2014),O2 + CFC11,6.7,0.6,0.6,379,-9999,SACW-T18,-14.18,-37.72,Atlantic
Alvarez-Salgado et al. (2014),O2 + CFC11,8.1,0.2,0.2,379,-9999,SACW-T18,-14.18,-37.72,Atlantic
Alvarez-Salgado et al. (2014),O2 + CFC11,8.5,0.8,0.8,379,-9999,SACW-T18,-14.18,-37.72,Atlantic
Alvarez-Salgado et al. (2014),O2 + CFC11,6.3,0.4,0.4,159,-9999,EQ13,-22.96,-35.44,Atlantic
Alvarez-Salgado et al. (2014),O2 + CFC11,7.4,0.2,0.2,159,-9999,EQ13,-22.96,-35.44,Atlantic
Alvarez-Salgado et al. (2014),O2 + CFC11,10.1,0.9,0.9,159,-9999,EQ13,-22.96,-35.44,Atlantic
Alvarez-Salgado et al. (2014),O2 + CFC11,4.5,0.1,0.1,816,-9999,AAIW,-25.9,-41.61,Atlantic
Alvarez-Salgado et al. (2014),O2 + CFC11,3.5,0.1,0.1,816,-9999,AAIW,-25.9,-41.61,Atlantic
Alvarez-Salgado et al. (2014),O2 + CFC11,5,0.1,0.1,816,-9999,AAIW,-25.9,-41.61,Atlantic
Stanley et al. (2012),O2 + T/3He + TTD,10,-9999,-9999,200,-9999,-9999,31.7,-64.2,Atlantic
Stanley et al. (2012),O2 + T/3He + TTD,8.7,-9999,-9999,250,-9999,-9999,31.7,-64.2,Atlantic
Stanley et al. (2012),O2 + T/3He + TTD,8.2,-9999,-9999,300,-9999,-9999,31.7,-64.2,Atlantic
Stanley et al. (2012),O2 + T/3He + TTD,7.65,-9999,-9999,400,-9999,-9999,31.7,-64.2,Atlantic
Stanley et al. (2012),O2 + T/3He + TTD,6.5,-9999,-9999,500,-9999,-9999,31.7,-64.2,Atlantic
Stanley et al. (2012),O2 + T/3He + TTD,5.45,-9999,-9999,600,-9999,-9999,31.7,-64.2,Atlantic
Stanley et al. (2012),O2 + T/3He + TTD,4.15,-9999,-9999,700,-9999,-9999,31.7,-64.2,Atlantic
Stanley et al. (2012),O2 + T/3He + TTD,3,-9999,-9999,800,-9999,-9999,31.7,-64.2,Atlantic
Stanley et al. (2012),O2 + T/3He + TTD,1.95,-9999,-9999,900,-9999,-9999,31.7,-64.2,Atlantic
Stanley et al. (2012),O2 + T/3He + TTD,1.95,-9999,-9999,1000,-9999,-9999,31.7,-64.2,Atlantic
Sonnerup et al. (2013),O2 + CFC11 + SF6 + TTD,10.8,6.2,6.2,164,42,25.0-25.5,28.5,-152,Pacific
Sonnerup et al. (2013),O2 + CFC11 + SF6 + TTD,8.3,1.9,1.9,214,56,25.5-26.0,28.5,-152,Pacific
Sonnerup et al. (2013),O2 + CFC11 + SF6 + TTD,3.6,1.9,1.9,281,54,26.0-26.2,28.5,-152,Pacific
Sonnerup et al. (2013),O2 + CFC11 + SF6 + TTD,4.3,0.5,0.5,353,43,26.2-26.4,28.5,-152,Pacific
Sonnerup et al. (2013),O2 + CFC11 + SF6 + TTD,3.3,0.3,0.3,435,34,26.4-26.6,28.5,-152,Pacific
Sonnerup et al. (2013),O2 + CFC11 + SF6 + TTD,3.1,0.5,0.5,507,53,26.6-26.8,28.5,-152,Pacific
Sonnerup et al. (2013),O2 + CFC11 + SF6 + TTD,0.12,0.05,0.05,598,61,26.8-27.0,28.5,-152,Pacific
Sonnerup et al. (2015),O2 + CFC11 + CFC12 + SF6 + TTD,6.4,1.5,1.5,175,55,25.5-26.0,-36,-103,Pacific
Sonnerup et al. (2015),O2 + CFC11 + CFC12 + SF6 + TTD,3.1,0.4,0.4,220,100,26.0-26.5,-36,-103,Pacific
Sonnerup et al. (2015),O2 + CFC11 + CFC12 + SF6 + TTD,2.7,0.2,0.2,275,105,26.5-26.8,-36,-103,Pacific
Sonnerup et al. (2015),O2 + CFC11 + CFC12 + SF6 + TTD,2.3,0.2,0.2,340,90,26.8-26.9,-36,-103,Pacific
Sonnerup et al. (2015),O2 + CFC11 + CFC12 + SF6 + TTD,1.7,0.3,0.3,440,120,26.9-27.0,-36,-103,Pacific
Sonnerup et al. (2015),O2 + CFC11 + CFC12 + SF6 + TTD,1.3,0.2,0.2,690,100,27.0-27.1,-36,-103,Pacific
Sonnerup et al. (2015),O2 + CFC11 + CFC12 + SF6 + TTD,0.8,0.4,0.4,895,65,27.1-27.2,-36,-103,Pacific
Sonnerup et al. (2015),O2 + CFC11 + CFC12 + SF6 + TTD,16.6,2.7,2.7,155,35,26.5-26.8,-48.5,-103,Pacific
Sonnerup et al. (2015),O2 + CFC11 + CFC12 + SF6 + TTD,4.3,1.4,1.4,250,80,26.8-26.9,-48.5,-103,Pacific
Sonnerup et al. (2015),O2 + CFC11 + CFC12 + SF6 + TTD,1,0.1,0.1,410,180,26.9-27.0,-48.5,-103,Pacific
Sonnerup et al. (2015),O2 + CFC11 + CFC12 + SF6 + TTD,0.8,0.1,0.1,665,125,27.0-27.1,-48.5,-103,Pacific
Sonnerup et al. (2015),O2 + CFC11 + CFC12 + SF6 + TTD,0.01,0.01,0.01,850,110,27.1-27.2,-48.5,-103,Pacific
Roether & Well (2001),O2 + CFC12 + T/3He + model,10.08777778,-9999,-9999,150,-9999,-9999,35,23,Mediterranean
Roether & Well (2001),O2 + CFC12 + T/3He + model,5.81,-9999,-9999,200,-9999,-9999,35,23,Mediterranean
Roether & Well (2001),O2 + CFC12 + T/3He + model,2.754444444,-9999,-9999,300,-9999,-9999,35,23,Mediterranean
Roether & Well (2001),O2 + CFC12 + T/3He + model,1.685,-9999,-9999,400,-9999,-9999,35,23,Mediterranean
Roether & Well (2001),O2 + CFC12 + T/3He + model,1.19,-9999,-9999,500,-9999,-9999,35,23,Mediterranean
Roether & Well (2001),O2 + CFC12 + T/3He + model,0.921111111,-9999,-9999,600,-9999,-9999,35,23,Mediterranean
Roether & Well (2001),O2 + CFC12 + T/3He + model,0.758979592,-9999,-9999,700,-9999,-9999,35,23,Mediterranean
Roether & Well (2001),O2 + CFC12 + T/3He + model,0.65375,-9999,-9999,800,-9999,-9999,35,23,Mediterranean
Roether & Well (2001),O2 + CFC12 + T/3He + model,0.581604938,-9999,-9999,900,-9999,-9999,35,23,Mediterranean
Roether & Well (2001),O2 + CFC12 + T/3He + model,0.53,-9999,-9999,1000,-9999,-9999,35,23,Mediterranean
Catala et al. (2015),O2 + TTD,4,2,2,264,20,EDW,24.5,-37.2,Atlantic
Catala et al. (2015),O2 + TTD,1.1,0.2,0.2,641,40,ENACW12,24.8,-34.1,Atlantic
Catala et al. (2015),O2 + TTD,2.3,0.9,0.9,327,25,ENACW15,25.9,-31.4,Atlantic
Catala et al. (2015),O2 + TTD,0.5,0.1,0.1,427,37,13EqAtl,-27.4,-12.7,Atlantic
Catala et al. (2015),O2 + TTD,1.1,0.3,0.3,303,26,SACW12,-12,-22.7,Atlantic
Catala et al. (2015),O2 + TTD,2,1,1,211,11,SACW18,-23.3,-21.7,Atlantic
Catala et al. (2015),O2 + TTD,2,2,2,259,35,STMWI,-31.9,62.6,Indian
Catala et al. (2015),O2 + TTD,0.6,0.2,0.2,395,28,ICW13,-32.5,85.4,Indian
Catala et al. (2015),O2 + TTD,0.9,1,1,269,26,STMWSP,-18.1,-175.7,Pacific
Catala et al. (2015),O2 + TTD,2,1,1,277,84,SPCW20,-34.1,176,Pacific
Catala et al. (2015),O2 + TTD,0.53,0.07,0.07,483,35,13EqPac,6.5,-133.2,Pacific
Catala et al. (2015),O2 + TTD,0.9,0.09,0.09,253,13,CMWNP,12.8,-120.5,Pacific
Catala et al. (2015),O2 + TTD,0.8,0.3,0.3,207,36,STMWNP,13.8,-160.4,Pacific
Catala et al. (2015),O2 + TTD,0.6,0.3,0.3,1276,354,MW,30.9,-19.7,Atlantic
Catala et al. (2015),O2 + TTD,0.33,0.07,0.07,719,42,SAMW,-32.2,74.2,Indian
Catala et al. (2015),O2 + TTD,0.56,0.07,0.07,1317,108,AAIW5.0,-10.6,-26.3,Atlantic
Catala et al. (2015),O2 + TTD,0.27,0.04,0.04,677,36,AAIW3.1,-26.3,5.2,Atlantic
Catala et al. (2015),O2 + TTD,0.45,0.04,0.04,671,65,NPIW,12.2,-132,Pacific
Catala et al. (2015),O2 + TTD,0.22,0.01,0.01,2412,76,CDW,-10.8,-37,Atlantic
Catala et al. (2015),O2 + TTD,0.19,0.01,0.01,3279,66,NADW2.0,-3.2,-9.5,Atlantic
Catala et al. (2015),O2 + TTD,0.37,0.03,0.03,1582,99,NADW4.6,3.1,-28.2,Atlantic
Catala et al. (2015),O2 + TTD,0.2,0.02,0.02,3780,3780,AABW,-18.2,5,Atlantic
Cornejo D'Ottone et al. (2016),O2,15.63777994,-9999,-9999,400,-9999,26.5-27.0,-30,-81,Pacific
Aristegui et al. (2005),O2 (incubations),124.3914314,28.43232717,-9999,600,-9999,-9999,23.5,-20,Atlantic
Aristegui et al. (2005),O2 ,28.43232717,10.66212269,-9999,1000,-9999,-9999,23.5,-20,Atlantic
Doney & Bullister (1992),O2 + CFC11 + CFC12,8.3,1.4,1.4,-9999,-9999,26.0,-30,-25,Atlantic
Doney & Bullister (1992),O2 + CFC11 + CFC12,8.8,1.6,1.6,-9999,-9999,26.2,-30,-25,Atlantic
Doney & Bullister (1992),O2 + CFC11 + CFC12,8.9,1.5,1.5,-9999,-9999,26.4,-30,-25,Atlantic
Doney & Bullister (1992),O2 + CFC11 + CFC12,8,1.8,1.8,-9999,-9999,26.6,-30,-25,Atlantic
Doney & Bullister (1992),O2 + CFC11 + CFC12,7,1.4,1.4,-9999,-9999,26.8,-30,-25,Atlantic
Doney & Bullister (1992),O2 + CFC11 + CFC12,5.8,0.8,0.8,-9999,-9999,27.0,-30,-25,Atlantic
Doney & Bullister (1992),O2 + CFC11 + CFC12,5.5,0.7,0.7,-9999,-9999,27.2,-30,-25,Atlantic
Doney & Bullister (1992),O2 + CFC11 + CFC12,5.1,1.0,1.0,-9999,-9999,27.4,-30,-25,Atlantic
Feely et al. (2004),O2 + CFC12 + 14C,4.1,4.08,5.2,550,350,PSUW,52,-172,Pacific
Feely et al. (2004),O2 + CFC12 + 14C,3.4,3.37,1.8,500,300,ENPTW,28,-121,Pacific
Feely et al. (2004),O2 + CFC12 + 14C,4.5,4.43,1.3,650,450,WNPCW,31,161,Pacific
Feely et al. (2004),O2 + CFC12 + 14C,3.7,3.64,2.1,450,250,ENPCW,26,-140,Pacific
Feely et al. (2004),O2 + CFC12 + 14C,4.6,4.48,4.7,450,250,PEW,0,150,Pacific
Feely et al. (2004),O2 + CFC12 + 14C,4.3,4.17,2.2,550,350,ESPTW,-24,-98,Pacific
Feely et al. (2004),O2 + CFC12 + 14C,2.1,2.03,2.7,600,400,WSPCW,-14,175,Pacific
Feely et al. (2004),O2 + CFC12 + 14C,3.5,3.3,3.2,650,450,ESPCW,-17,-121,Pacific
Feely et al. (2004),O2 + CFC12 + 14C,2.1,1.98,2.8,800,600,SSW,-42,-150,Pacific
Feely et al. (2004),O2 + CFC12 + 14C,3,2.96,0.9,1000,800,ASW,-62,-179,Pacific
Feely et al. (2004),O2 + CFC12 + 14C,0.1,-9999,-9999,1500,-9999,PDW,0,180,Pacific
Zheng et al. (1997),O2 + T/3He,6.2,1.5,1.5,24.1,10.4,27.50,82,31,Arctic
Zheng et al. (1997),O2 + T/3He,4.8,0.9,0.9,32.3,10.6,27.55,82,31,Arctic
Zheng et al. (1997),O2 + T/3He,7.4,0.7,0.7,34.7,5.9,27.60,82,31,Arctic
Zheng et al. (1997),O2 + T/3He,7.4,1.1,1.1,40.2,8.1,27.65,82,31,Arctic
Zheng et al. (1997),O2 + T/3He,6.6,2.8,2.8,47.7,16.4,27.70,82,31,Arctic
Zheng et al. (1997),O2 + T/3He,5.9,3.1,3.1,54.5,21.9,27.75,82,31,Arctic
Zheng et al. (1997),O2 + T/3He,5,2.3,2.3,65.7,25.4,27.80,82,31,Arctic
Zheng et al. (1997),O2 + T/3He,4.4,2.5,2.5,80.6,27,27.85,82,31,Arctic
Zheng et al. (1997),O2 + T/3He,4.6,1.1,1.1,120,48.9,27.90,82,31,Arctic
Zheng et al. (1997),O2 + T/3He,3.1,1.1,1.1,233.3,59.1,27.95,82,31,Arctic
Zheng et al. (1997),O2 + T/3He,1.9,0.2,0.2,484.5,69.9,28.00,82,31,Arctic
Zheng et al. (1997),O2 + T/3He,4.7,0.6,0.6,121.5,17.7,27.55,85,25,Arctic
Zheng et al. (1997),O2 + T/3He,1.5,0.5,0.5,146.7,9.2,27.60,85,25,Arctic
Zheng et al. (1997),O2 + T/3He,1.6,0.5,0.5,156.5,18.4,27.65,85,25,Arctic
Zheng et al. (1997),O2 + T/3He,0.5,0.6,0.6,171.1,19.4,27.70,85,25,Arctic
Zheng et al. (1997),O2 + T/3He,0.3,0.3,0.3,187.3,21.6,27.75,85,25,Arctic
Fiedler et al. (2016),O2,87.6,7.3,7.3,100,-9999,26.35,18.8,-24.5,Atlantic
Hahm & Kim (2008),O2 + T/3He,6.4,1.1,1.1,595,-9999,-9999,40,132,Pacific
Hahm & Kim (2008),O2 + T/3He,4,0.4,0.4,790,-9999,-9999,40,132,Pacific
Hahm & Kim (2008),O2 + T/3He,3.8,0.2,0.2,985,-9999,-9999,40,132,Pacific
Hahm & Kim (2008),O2 + T/3He,4.4,0.5,0.5,1380,-9999,-9999,40,132,Pacific
Hahm & Kim (2008),O2 + T/3He,3.5,0.3,0.3,1575,-9999,-9999,40,132,Pacific
Hahm & Kim (2008),O2 + T/3He,13.1,2.3,2.3,595,-9999,-9999,40,132,Pacific
Hahm & Kim (2008),O2 + T/3He,7.1,0.7,0.7,790,-9999,-9999,40,132,Pacific
Hahm & Kim (2008),O2 + T/3He,6.4,0.4,0.4,985,-9999,-9999,40,132,Pacific
Hahm & Kim (2008),O2 + T/3He,6.6,0.6,0.6,1380,-9999,-9999,40,132,Pacific
Hahm & Kim (2008),O2 + T/3He,5.3,0.5,0.5,1575,-9999,-9999,40,132,Pacific
Hahm & Kim (2008),O2 + T/3He,19.8,3.5,3.5,595,-9999,-9999,40,132,Pacific
Hahm & Kim (2008),O2 + T/3He,10.1,0.9,0.9,790,-9999,-9999,40,132,Pacific
Hahm & Kim (2008),O2 + T/3He,9.1,0.6,0.6,985,-9999,-9999,40,132,Pacific
Hahm & Kim (2008),O2 + T/3He,8.9,0.9,0.9,1380,-9999,-9999,40,132,Pacific
Hahm & Kim (2008),O2 + T/3He,7.1,0.7,0.7,1575,-9999,-9999,40,132,Pacific
Jenkins (1977),O2 + T/3He,8.689958362,0.868995836,0.868995836,-9999,-9999,STMW (26.5),34.5,-67.5,Atlantic
Jenkins (1980),O2 + T/3He,22.76769091,-9999,-9999,100,-9999,26.30,32.2,-64.5,Atlantic
Jenkins (1980),O2 + T/3He,21.72489591,-9999,-9999,290,-9999,26.40,32.2,-64.5,Atlantic
Jenkins (1980),O2 + T/3He,4.388428973,-9999,-9999,390,-9999,26.50,32.2,-64.5,Atlantic
Jenkins (1980),O2 + T/3He,4.08428043,-9999,-9999,470,-9999,26.60,32.2,-64.5,Atlantic
Jenkins (1980),O2 + T/3He,4.649127724,-9999,-9999,530,-9999,26.70,32.2,-64.5,Atlantic
Jenkins (1980),O2 + T/3He,3.780131887,-9999,-9999,600,-9999,26.80,32.2,-64.5,Atlantic
Jenkins (1980),O2 + T/3He,3.475983345,-9999,-9999,660,-9999,26.90,32.2,-64.5,Atlantic
Jenkins (1980),O2 + T/3He,2.998035635,-9999,-9999,705,-9999,27.00,32.2,-64.5,Atlantic
Jenkins (1980),O2 + T/3He,2.433188341,-9999,-9999,750,-9999,27.10,32.2,-64.5,Atlantic
Jenkins (1980),O2 + T/3He,2.215939382,-9999,-9999,800,-9999,27.20,32.2,-64.5,Atlantic
Jenkins (1980),O2 + T/3He,1.955240631,-9999,-9999,860,-9999,27.30,32.2,-64.5,Atlantic
Jenkins (1980),O2 + T/3He,1.694541881,-9999,-9999,910,-9999,27.40,32.2,-64.5,Atlantic
Jenkins (1980),O2 + T/3He,1.477292922,-9999,-9999,965,-9999,27.50,32.2,-64.5,Atlantic
Jenkins (1980),O2 + T/3He,1.520742713,-9999,-9999,990,-9999,27.55,32.2,-64.5,Atlantic
Jenkins (1980),O2 + T/3He,1.564192505,-9999,-9999,1020,-9999,27.60,32.2,-64.5,Atlantic
Jenkins (1980),O2 + T/3He,1.520742713,-9999,-9999,1050,-9999,27.65,32.2,-64.5,Atlantic
Jenkins (1980),O2 + T/3He,1.390393338,-9999,-9999,1140,-9999,27.70,32.2,-64.5,Atlantic
Jenkins (1980),O2 + T/3He,1.173144379,-9999,-9999,1240,-9999,27.75,32.2,-64.5,Atlantic
Jenkins (1980),O2 + T/3He,1.042795003,-9999,-9999,1330,-9999,27.78,32.2,-64.5,Atlantic
Jenkins (1980),O2 + T/3He,0.782096253,-9999,-9999,1450,-9999,27.80,32.2,-64.5,Atlantic
Jenkins (1980),O2 + T/3He,0.521397502,-9999,-9999,1600,-9999,27.81,32.2,-64.5,Atlantic
Jenkins (1980),O2 + T/3He,0.334563397,-9999,-9999,1700,-9999,27.82,32.2,-64.5,Atlantic
Jenkins (1980),O2 + T/3He,0.182489126,-9999,-9999,1800,-9999,27.83,32.2,-64.5,Atlantic
Jenkins (1982),O2 + T/3He,7.516813983,1.260043962,1.260043962,200,-9999,26.45,27.16666667,-32.33333333,Atlantic
Jenkins (1982),O2 + T/3He,8.516159195,1.086244795,1.086244795,300,-9999,26.60,27.16666667,-32.33333333,Atlantic
Jenkins (1982),O2 + T/3He,7.343014816,1.216594171,1.216594171,400,-9999,26.80,27.16666667,-32.33333333,Atlantic
Jenkins & Goldman (1985),O2 (seasonal cycling),23.46288758,-9999,-9999,150,-9999,-9999,32.2,-64.5,Atlantic
Jenkins & Goldman (1985),O2 (seasonal cycling),16.94541881,-9999,-9999,200,-9999,-9999,32.2,-64.5,Atlantic
Jenkins & Goldman (1985),O2 (seasonal cycling),11.29694587,-9999,-9999,250,-9999,-9999,32.2,-64.5,Atlantic
Jenkins & Goldman (1985),O2 (seasonal cycling),13.46943546,-9999,-9999,300,-9999,-9999,32.2,-64.5,Atlantic
Jenkins & Goldman (1985),O2 (seasonal cycling),8.689958362,-9999,-9999,350,-9999,-9999,32.2,-64.5,Atlantic
Jenkins & Goldman (1985),O2 (seasonal cycling),6.517468772,-9999,-9999,400,-9999,-9999,32.2,-64.5,Atlantic
Jenkins (1987),O2 + T/3He,15.6,3.2,3.2,111,-9999,26.20,27.16666667,-32.33333333,Atlantic
Jenkins (1987),O2 + T/3He,14.4,1.7,1.7,138,-9999,26.35,27.16666667,-32.33333333,Atlantic
Jenkins (1987),O2 + T/3He,8.9,0.9,0.9,191,-9999,26.50,27.16666667,-32.33333333,Atlantic
Jenkins (1987),O2 + T/3He,9.6,1.0,1.0,258,-9999,26.62,27.16666667,-32.33333333,Atlantic
Jenkins (1987),O2 + T/3He,11,0.8,0.8,392,-9999,26.85,27.16666667,-32.33333333,Atlantic
Jenkins (1987),O2 + T/3He,7.6,0.6,0.6,614,-9999,27.15,27.16666667,-32.33333333,Atlantic
Jenkins (1987),O2 + T/3He,4.4,0.5,0.5,862,-9999,27.45,27.16666667,-32.33333333,Atlantic
Jenkins (1987),O2 + T/3He,1.12,0.29,0.29,1275,-9999,27.75,27.16666667,-32.33333333,Atlantic
Jenkins (1998),O2 + T/3He,17.5,1.4,1.4,160,-9999,26.4,28,-29,Atlantic
Jenkins (1998),O2 + T/3He,15,1.7,1.7,206,-9999,26.5,28,-29,Atlantic
Jenkins (1998),O2 + T/3He,12.5,1.4,1.4,245,-9999,26.6,28,-29,Atlantic
Jenkins (1998),O2 + T/3He,9.2,1.4,1.4,297,-9999,26.7,28,-29,Atlantic
Jenkins (1998),O2 + T/3He,6.8,1.4,1.4,346,-9999,26.8,28,-29,Atlantic
Jenkins (1998),O2 + T/3He,3.6,1.2,1.2,408,-9999,26.9,28,-29,Atlantic
Jenkins (1998),O2 + T/3He,2.6,1.2,1.2,477,-9999,27.0,28,-29,Atlantic
Jenkins (1998),O2 + T/3He,2.1,1.3,1.3,544,-9999,27.1,28,-29,Atlantic
Kadko (2009),O2 + 7Be,40.88,-9999,-9999,136.7,29.4,26.0-26.29,31.9,-64.3,Atlantic
Kadko (2009),O2 + 7Be,48.18,-9999,-9999,191.2,35,26.3-26.43,31.9,-64.3,Atlantic
Karstensen & Tomczak (1998),O2 + CFC11 + CFC12 + OMP,20.3,-9999,-9999,-9999,-9999,26.492,-32,80,Indian
Karstensen & Tomczak (1998),O2 + CFC11 + CFC12 + OMP,14.9,-9999,-9999,-9999,-9999,26.509,-32,80,Indian
Karstensen & Tomczak (1998),O2 + CFC11 + CFC12 + OMP,12.1,-9999,-9999,-9999,-9999,26.519,-32,80,Indian
Karstensen & Tomczak (1998),O2 + CFC11 + CFC12 + OMP,10.6,-9999,-9999,-9999,-9999,26.599,-32,80,Indian
Karstensen & Tomczak (1998),O2 + CFC11 + CFC12 + OMP,9,-9999,-9999,-9999,-9999,26.593,-32,80,Indian
Karstensen & Tomczak (1998),O2 + CFC11 + CFC12 + OMP,7.1,-9999,-9999,-9999,-9999,26.599,-32,80,Indian
Karstensen & Tomczak (1998),O2 + CFC11 + CFC12 + OMP,6.1,-9999,-9999,-9999,-9999,26.684,-32,80,Indian
Karstensen & Tomczak (1998),O2 + CFC11 + CFC12 + OMP,5.6,-9999,-9999,-9999,-9999,26.756,-32,80,Indian
Karstensen & Tomczak (1998),O2 + CFC11 + CFC12 + OMP,4.7,-9999,-9999,-9999,-9999,26.794,-32,80,Indian
Karstensen & Tomczak (1998),O2 + CFC11 + CFC12 + OMP,7,-9999,-9999,-9999,-9999,26.816,-32,80,Indian
Karstensen & Tomczak (1998),O2 + CFC11 + CFC12 + OMP,6.8,-9999,-9999,-9999,-9999,26.831,-32,80,Indian
Karstensen & Tomczak (1998),O2 + CFC11 + CFC12 + OMP,5.3,-9999,-9999,-9999,-9999,26.832,-32,80,Indian
Karstensen & Tomczak (1998),O2 + CFC11 + CFC12 + OMP,5.5,-9999,-9999,-9999,-9999,26.855,-32,80,Indian
Karstensen & Tomczak (1998),O2 + CFC11 + CFC12 + OMP,6.1,-9999,-9999,-9999,-9999,26.86,-32,80,Indian
Karstensen & Tomczak (1998),O2 + CFC11 + CFC12 + OMP,5,-9999,-9999,-9999,-9999,26.856,-32,80,Indian
Karstensen & Tomczak (1998),O2 + CFC11 + CFC12 + OMP,4.5,-9999,-9999,-9999,-9999,26.87,-32,80,Indian
Karstensen & Tomczak (1998),O2 + CFC11 + CFC12 + OMP,4.8,-9999,-9999,-9999,-9999,26.881,-32,80,Indian
Karstensen et al. (2008),O2 + CFC11 + 14C,8.6,0.5,0.5,72,-9999,-9999,10,-25,Atlantic
Karstensen et al. (2008),O2 + CFC11 + 14C,8,0.6,0.6,97,-9999,-9999,10,-25,Atlantic
Karstensen et al. (2008),O2 + CFC11 + 14C,7.7,2.1,2.1,110,-9999,-9999,10,-25,Atlantic
Karstensen et al. (2008),O2 + CFC11 + 14C,8.7,0.5,0.5,121,-9999,-9999,10,-25,Atlantic
Karstensen et al. (2008),O2 + CFC11 + 14C,8,1.3,1.3,149,-9999,-9999,10,-25,Atlantic
Karstensen et al. (2008),O2 + CFC11 + 14C,11.7,1.6,1.6,163,-9999,-9999,10,-25,Atlantic
Karstensen et al. (2008),O2 + CFC11 + 14C,7.6,1.2,1.2,195,-9999,-9999,10,-25,Atlantic
Karstensen et al. (2008),O2 + CFC11 + 14C,8.1,1.4,1.4,206,-9999,-9999,10,-25,Atlantic
Karstensen et al. (2008),O2 + CFC11 + 14C,7.9,1.7,1.7,228,-9999,-9999,10,-25,Atlantic
Karstensen et al. (2008),O2 + CFC11 + 14C,7.1,2.0,2.0,248,-9999,-9999,10,-25,Atlantic
Karstensen et al. (2008),O2 + CFC11 + 14C,7.5,1.5,1.5,268,-9999,-9999,10,-25,Atlantic
Karstensen et al. (2008),O2 + CFC11 + 14C,7,1.4,1.4,294,-9999,-9999,-15,5,Atlantic
Karstensen et al. (2008),O2 + CFC11 + 14C,6.4,1.4,1.4,305,-9999,-9999,-15,5,Atlantic
Karstensen et al. (2008),O2 + CFC11 + 14C,6.8,1.4,1.4,327,-9999,-9999,-15,5,Atlantic
Karstensen et al. (2008),O2 + CFC11 + 14C,5.7,1.4,1.4,349,-9999,-9999,-15,5,Atlantic
Karstensen et al. (2008),O2 + CFC11 + 14C,6,1.3,1.3,367,-9999,-9999,-15,5,Atlantic
Karstensen et al. (2008),O2 + CFC11 + 14C,5.5,1.1,1.1,393,-9999,-9999,-15,5,Atlantic
Karstensen et al. (2008),O2 + CFC11 + 14C,5.3,1.0,1.0,406,-9999,-9999,-15,5,Atlantic
Karstensen et al. (2008),O2 + CFC11 + 14C,5.4,1.1,1.1,426,-9999,-9999,-15,5,Atlantic
Karstensen et al. (2008),O2 + CFC11 + 14C,5.4,1.5,1.5,448,-9999,-9999,-15,5,Atlantic
Karstensen et al. (2008),O2 + CFC11 + 14C,5.2,0.8,0.8,470,-9999,-9999,-15,5,Atlantic
Karstensen et al. (2008),O2 + CFC11 + 14C,10.1,0.0,0.0,51,-9999,-9999,0,-90,Pacific
Karstensen et al. (2008),O2 + CFC11 + 14C,10.7,0.6,0.6,72,-9999,-9999,0,-90,Pacific
Karstensen et al. (2008),O2 + CFC11 + 14C,9.9,1.3,1.3,94,-9999,-9999,0,-90,Pacific
Karstensen et al. (2008),O2 + CFC11 + 14C,9.3,2.3,2.3,105,-9999,-9999,0,-90,Pacific
Karstensen et al. (2008),O2 + CFC11 + 14C,9.3,1.3,1.3,147,-9999,-9999,0,-90,Pacific
Karstensen et al. (2008),O2 + CFC11 + 14C,8.7,0.9,0.9,173,-9999,-9999,0,-90,Pacific
Karstensen et al. (2008),O2 + CFC11 + 14C,8.7,1.4,1.4,195,-9999,-9999,0,-90,Pacific
Karstensen et al. (2008),O2 + CFC11 + 14C,8.2,1.7,1.7,204,-9999,-9999,0,-90,Pacific
Karstensen et al. (2008),O2 + CFC11 + 14C,7.9,1.8,1.8,228,-9999,-9999,0,-90,Pacific
Karstensen et al. (2008),O2 + CFC11 + 14C,7.1,1.4,1.4,250,-9999,-9999,0,-90,Pacific
Karstensen et al. (2008),O2 + CFC11 + 14C,6.6,1.6,1.6,266,-9999,-9999,0,-90,Pacific
Karstensen et al. (2008),O2 + CFC11 + 14C,6.2,1.5,1.5,292,-9999,-9999,0,-90,Pacific
Karstensen et al. (2008),O2 + CFC11 + 14C,6.1,1.3,1.3,305,-9999,-9999,0,-90,Pacific
Karstensen et al. (2008),O2 + CFC11 + 14C,5.9,1.1,1.1,332,-9999,-9999,0,-90,Pacific
Karstensen et al. (2008),O2 + CFC11 + 14C,5.6,1.1,1.1,349,-9999,-9999,0,-90,Pacific
Karstensen et al. (2008),O2 + CFC11 + 14C,4.9,1.0,1.0,367,-9999,-9999,0,-90,Pacific
Karstensen et al. (2008),O2 + CFC11 + 14C,5.7,0.9,0.9,391,-9999,-9999,0,-90,Pacific
Karstensen et al. (2008),O2 + CFC11 + 14C,5.4,0.8,0.8,406,-9999,-9999,0,-90,Pacific
Karstensen et al. (2008),O2 + CFC11 + 14C,0.1,-9999,-9999,1500,-9999,-9999,-15,5,Atlantic
Karstensen et al. (2008),O2 + CFC11 + 14C,0.1,-9999,-9999,1500,-9999,-9999,0,-90,Pacific
Karstensen et al. (2008),O2 + CFC11 + 14C,3.699252989,-9999,-9999,500,-9999,-9999,-15,5,Atlantic
Karstensen et al. (2008),O2 + CFC11 + 14C,1.736487712,-9999,-9999,800,-9999,-9999,-15,5,Atlantic
Karstensen et al. (2008),O2 + CFC11 + 14C,0.969477139,-9999,-9999,1000,-9999,-9999,-15,5,Atlantic
Karstensen et al. (2008),O2 + CFC11 + 14C,0.014225522,-9999,-9999,1500,-9999,-9999,-15,5,Atlantic
Karstensen et al. (2008),O2 + CFC11 + 14C,3.699252989,-9999,-9999,500,-9999,-9999,0,-90,Pacific
Karstensen et al. (2008),O2 + CFC11 + 14C,1.736487712,-9999,-9999,800,-9999,-9999,0,-90,Pacific
Karstensen et al. (2008),O2 + CFC11 + 14C,0.969477139,-9999,-9999,1000,-9999,-9999,0,-90,Pacific
Karstensen et al. (2008),O2 + CFC11 + 14C,0.014225522,-9999,-9999,1500,-9999,-9999,0,-90,Pacific
Karstensen et al. (2015),O2 (Argo floats),43.9,17.2,17.2,56,-9999,-9999,20,-24,Atlantic
Karstensen et al. (2015),O2,44.6,16.3,16.3,67,-9999,-9999,20,-24,Atlantic
Karstensen et al. (2015),O2,43.7,13.2,13.2,74,-9999,-9999,20,-24,Atlantic
Karstensen et al. (2015),O2,41.6,9.2,9.2,84,-9999,-9999,20,-24,Atlantic
Karstensen et al. (2015),O2,30.8,9.1,9.1,101,-9999,-9999,20,-24,Atlantic
Karstensen et al. (2015),O2,20.4,6.6,6.6,120,-9999,-9999,20,-24,Atlantic
Karstensen et al. (2015),O2,14.6,5.6,5.6,146,-9999,-9999,20,-24,Atlantic
Karstensen et al. (2015),O2,12.9,6.1,6.1,177,-9999,-9999,20,-24,Atlantic
Karstensen et al. (2015),O2,14.8,9.9,9.9,210,-9999,-9999,20,-24,Atlantic
Karstensen et al. (2015),O2,19,9.0,9.0,234,-9999,-9999,20,-24,Atlantic
Karstensen et al. (2015),O2,18.3,6.6,6.6,256,-9999,-9999,20,-24,Atlantic
Karstensen et al. (2015),O2,16.7,6.6,6.6,279,-9999,-9999,20,-24,Atlantic
Karstensen et al. (2015),O2,14.8,6.8,6.8,314,-9999,-9999,20,-24,Atlantic
Karstensen et al. (2015),O2,13.2,6.3,6.3,344,-9999,-9999,20,-24,Atlantic
Karstensen et al. (2015),O2,13.4,10.1,10.1,372,-9999,-9999,20,-24,Atlantic
Karstensen et al. (2015),O2,91.25,-9999,-9999,120,-9999,-9999,17.58,-24.25,Atlantic
Klein et al. (2003),O2,1.2,-9999,-9999,750,250,-9999,35.26666667,23,Mediterranean
Klein et al. (2003),O2,1.25,0.35,0.35,2500,-9999,-9999,34,27.8,Mediterranean
Klein et al. (2003),O2,1.3,0.35,0.35,2500,-9999,-9999,35.8,16,Mediterranean
Klein et al. (2003),O2,2.3,0.5,0.5,2500,-9999,-9999,36,25.2,Mediterranean
Law & Watson (2001),O2 + SF6 + CFC11 + CFC12 + CFC113,11.87925998,-9999,-9999,242.5,57.5,"26.3-26.8
(PGW)",22.7,60.9,Indian
Law & Watson (2001),O2 + SF6 + CFC11 + CFC12 + CFC113,7.108081792,-9999,-9999,242.5,57.5,"26.3-26.8
(PGW)",21.6,62.7,Indian
Law & Watson (2001),O2 + SF6 + CFC11 + CFC12 + CFC113,10.51606621,-9999,-9999,242.5,57.5,"26.3-26.8
(PGW)",18.9,59.2,Indian
Law & Watson (2001),O2 + SF6 + CFC11 + CFC12 + CFC113,10.41869523,-9999,-9999,242.5,57.5,"26.3-26.8
(PGW)",17.2,60.7,Indian
Law & Watson (2001),O2 + SF6 + CFC11 + CFC12 + CFC113,9.542356378,-9999,-9999,242.5,57.5,"26.3-26.8
(PGW)",15.8,62.2,Indian
Martz et al. (2008),O2 (Argo floats),14.8,5.3,5.3,100,50,-9999,-42.5,-130,Pacific
Martz et al. (2008),O2 (Argo floats),6.9,5.5,5.5,200,50,-9999,-42.5,-130,Pacific
Martz et al. (2008),O2 (Argo floats),5.3,5.5,5.5,300,50,-9999,-42.5,-130,Pacific
Martz et al. (2008),O2 (Argo floats),3.4,4.6,4.6,400,50,-9999,-42.5,-130,Pacific
Martz et al. (2008),O2 (Argo floats),2,2.8,2.8,500,50,-9999,-42.5,-130,Pacific
Martz et al. (2008),O2 (Argo floats),2.2,2.3,2.3,600,50,-9999,-42.5,-130,Pacific
Martz et al. (2008),O2 (Argo floats),1.6,2.1,2.1,700,50,-9999,-42.5,-130,Pacific
Martz et al. (2008),O2 (Argo floats),1.1,2.0,2.0,800,50,-9999,-42.5,-130,Pacific
Martz et al. (2008),O2 (Argo floats),1,1.9,1.9,900,50,-9999,-42.5,-130,Pacific
Mecking et al. (2006),O2 + CFC12,6.6,0.3,0.3,445,-9999,26.45-26.65,28,-152,Pacific
Mecking et al. (2006),O2 + CFC12,6,0.1,0.1,445,-9999,26.45-26.65,28,-152,Pacific
Mecking et al. (2006),O2 + CFC12,8.5,0.3,0.3,240,-9999,26.45-26.65,41,-152,Pacific
Mecking et al. (2006),O2 + CFC12,7.4,0.2,0.2,240,-9999,26.45-26.65,41,-152,Pacific
Mecking et al. (2006),O2 + CFC12,5.8,0.2,0.2,445,-9999,26.45-26.65,28,-152,Pacific
Mecking et al. (2006),O2 + CFC12,5.5,0.1,0.1,445,-9999,26.45-26.65,28,-152,Pacific
Mecking et al. (2006),O2 + CFC12,7.8,0.3,0.3,240,-9999,26.45-26.65,41,-152,Pacific
Mecking et al. (2006),O2 + CFC12,7.9,0.2,0.2,240,-9999,26.45-26.65,41,-152,Pacific
Mecking et al. (2006),O2 + CFC12,5.4,0.2,0.2,445,-9999,26.45-26.65,28,-152,Pacific
Mecking et al. (2006),O2 + CFC12,5.2,0.1,0.1,445,-9999,26.45-26.65,28,-152,Pacific
Mecking et al. (2006),O2 + CFC12,8.4,0.5,0.5,240,-9999,26.45-26.65,41,-152,Pacific
Mecking et al. (2006),O2 + CFC12,8.2,0.3,0.3,240,-9999,26.45-26.65,41,-152,Pacific
Mecking et al. (2006),O2 + CFC12,6.6,0.1,0.1,375,-9999,26.2-26.4,24,-144,Pacific
Mecking et al. (2006),O2 + CFC12,5.5,0.1,0.1,375,-9999,26.2-26.4,24,-144,Pacific
Mecking et al. (2006),O2 + CFC12,10.6,0.3,0.3,225,-9999,26.2-26.4,24,-127,Pacific
Mecking et al. (2006),O2 + CFC12,8.1,0.2,0.2,225,-9999,26.2-26.4,24,-127,Pacific
Mecking et al. (2006),O2 + CFC12,5.5,0.1,0.1,375,-9999,26.2-26.4,24,-144,Pacific
Mecking et al. (2006),O2 + CFC12,5.4,0.1,0.1,375,-9999,26.2-26.4,24,-144,Pacific
Mecking et al. (2006),O2 + CFC12,9.7,0.2,0.2,225,-9999,26.2-26.4,24,-127,Pacific
Mecking et al. (2006),O2 + CFC12,8.2,0.3,0.3,225,-9999,26.2-26.4,24,-127,Pacific
Mecking et al. (2006),O2 + CFC12,4.9,0.1,0.1,375,-9999,26.2-26.4,24,-144,Pacific
Mecking et al. (2006),O2 + CFC12,5.3,0.1,0.1,375,-9999,26.2-26.4,24,-144,Pacific
Mecking et al. (2006),O2 + CFC12,9.3,0.3,0.3,225,-9999,26.2-26.4,24,-127,Pacific
Mecking et al. (2006),O2 + CFC12,8.5,0.3,0.3,225,-9999,26.2-26.4,24,-127,Pacific
Min et al. (2000),O2 + CFC11 + CFC12,13,-9999,-9999,-9999,-9999,<25.8,28.5,-121.5,Pacific
Min et al. (2000),O2 + CFC11 + CFC12,6.3,-9999,-9999,-9999,-9999,25.8-26.8,28.5,-121.5,Pacific
Min et al. (2000),O2 + CFC11 + CFC12,0.2,-9999,-9999,-9999,-9999,>26.8,28.5,-121.5,Pacific
Munk (1966),Model,0.173876756,0.056509946,0.056509946,2500,1500,-9999,33.28333333,-132.7083333,Pacific
Sarmiento et al. (1990),O2 + T + 228Ra + box model,3,-9999,-9999,140,-9999,26.2,30,-55,Atlantic
Sarmiento et al. (1990),O2 + T + 228Ra + box model,3.5,-9999,-9999,153,-9999,26.3,30,-55,Atlantic
Sarmiento et al. (1990),O2 + T + 228Ra + box model,3.7,-9999,-9999,175,-9999,26.4,30,-55,Atlantic
Sarmiento et al. (1990),O2 + T + 228Ra + box model,4.1,-9999,-9999,210,-9999,26.5,30,-55,Atlantic
Sarmiento et al. (1990),O2 + T + 228Ra + box model,4.5,-9999,-9999,255,-9999,26.6,30,-55,Atlantic
Sarmiento et al. (1990),O2 + T + 228Ra + box model,4.8,-9999,-9999,299,-9999,26.7,30,-55,Atlantic
Sarmiento et al. (1990),O2 + T + 228Ra + box model,4.9,-9999,-9999,339,-9999,26.8,30,-55,Atlantic
Sarmiento et al. (1990),O2 + T + 228Ra + box model,5.1,-9999,-9999,381,-9999,26.9,30,-55,Atlantic
Sarmiento et al. (1990),O2 + T + 228Ra + box model,5.3,-9999,-9999,428,-9999,27.0,30,-55,Atlantic
Sarmiento et al. (1990),O2 + T + 228Ra + box model,5.4,-9999,-9999,476,-9999,27.1,30,-55,Atlantic
Sarmiento et al. (1990),O2 + T + 228Ra + box model,5,-9999,-9999,540,-9999,27.2,30,-55,Atlantic
Sarmiento et al. (1990),O2 + T + 228Ra + box model,3.7,-9999,-9999,614,-9999,27.3,30,-55,Atlantic
Sarmiento et al. (1990),O2 + T + 228Ra + box model,2.8,-9999,-9999,696,-9999,27.4,30,-55,Atlantic
Sarmiento et al. (1990),O2 + T + 228Ra + box model,16.7,3.9,3.9,210,-9999,26.5,30,-55,Atlantic
Sarmiento et al. (1990),O2 + T + 228Ra + box model,12.4,1.7,1.7,339,-9999,26.8,30,-55,Atlantic
Sarmiento et al. (1990),O2 + T + 228Ra + box model,12.6,1.3,1.3,476,-9999,27.1,30,-55,Atlantic
Sarmiento et al. (1990),O2 + T + 228Ra + box model,8.9,1.4,1.4,696,-9999,27.4,30,-55,Atlantic
Sarmiento & Gruber (2006),O2 + 14C,0.136319377,0.087633885,0.087633885,4000,-9999,-9999,0,180,Pacific
Sarmiento & Gruber (2006),O2 + 14C,0.11684518,-9999,-9999,3500,-9999,-9999,0,-30,Atlantic
Sarmiento & Gruber (2006),O2 + 14C,0.370009737,-9999,-9999,3500,-9999,-9999,14.4,-66,Atlantic
Sarmiento & Gruber (2006),O2 + T/3He,9.737098345,-9999,-9999,-9999,-9999,thermocline,30,-55,Atlantic
Wang et al. (2021),O2 + CFC12 + SF6 + TTD,0.81,-9999,-9999,200,-9999,-9999,22,123,Pacific
Wang et al. (2021),O2 + CFC12 + SF6 + TTD,1.69,-9999,-9999,300,-9999,-9999,22,123,Pacific
Wang et al. (2021),O2 + CFC12 + SF6 + TTD,1.9,-9999,-9999,400,-9999,-9999,22,123,Pacific
Wang et al. (2021),O2 + CFC12 + SF6 + TTD,2.05,-9999,-9999,500,-9999,-9999,22,123,Pacific
Wang et al. (2021),O2 + CFC12 + SF6 + TTD,1.52,-9999,-9999,800,-9999,-9999,22,123,Pacific
Wang et al. (2021),O2 + CFC12 + SF6 + TTD,0.98,-9999,-9999,1000,-9999,-9999,22,123,Pacific
Wang et al. (2021),O2 + CFC12 + SF6 + TTD,0.87,-9999,-9999,1200,-9999,-9999,22,123,Pacific
Wang et al. (2021),O2 + CFC12 + SF6 + TTD,0.69,-9999,-9999,1500,-9999,-9999,22,123,Pacific
Wang et al. (2021),O2 + CFC12 + SF6 + TTD,0.66,-9999,-9999,2000,-9999,-9999,22,123,Pacific
Wang et al. (2021),O2 + CFC12 + SF6 + TTD,0.66,-9999,-9999,2500,-9999,-9999,22,123,Pacific
Wang et al. (2021),O2 + CFC12 + SF6 + TTD,0.53,-9999,-9999,2700,-9999,-9999,22,123,Pacific
Wang et al. (2021),O2 + CFC12 + SF6 + TTD,0.53,-9999,-9999,3200,-9999,-9999,22,123,Pacific
Wang et al. (2021),O2 + CFC12 + SF6 + TTD,4.233333333,0.930017921,0.930017921,150,-9999,-9999,19.5,118,Pacific
Wang et al. (2021),O2 + CFC12 + SF6 + TTD,3.23,0.289395923,0.289395923,200,-9999,-9999,19.5,118,Pacific
Wang et al. (2021),O2 + CFC12 + SF6 + TTD,2.7125,0.505791459,0.505791459,300,-9999,-9999,19.5,118,Pacific
Wang et al. (2021),O2 + CFC12 + SF6 + TTD,2.0775,0.264118029,0.264118029,400,-9999,-9999,19.5,118,Pacific
Wang et al. (2021),O2 + CFC12 + SF6 + TTD,1.522,0.354076263,0.354076263,500,-9999,-9999,19.5,118,Pacific
Wang et al. (2021),O2 + CFC12 + SF6 + TTD,1.46,-9999,-9999,600,-9999,-9999,19.5,118,Pacific
Wang et al. (2021),O2 + CFC12 + SF6 + TTD,1.143333333,0.056862407,0.056862407,800,-9999,-9999,19.5,118,Pacific
Wang et al. (2021),O2 + CFC12 + SF6 + TTD,0.88,0.067330033,0.067330033,1000,-9999,-9999,19.5,118,Pacific
Wang et al. (2021),O2 + CFC12 + SF6 + TTD,0.813333333,0.056862407,0.056862407,1200,-9999,-9999,19.5,118,Pacific
Wang et al. (2021),O2 + CFC12 + SF6 + TTD,0.645,0.06363961,0.06363961,1500,-9999,-9999,19.5,118,Pacific
Wang et al. (2021),O2 + CFC12 + SF6 + TTD,0.63,-9999,-9999,1600,-9999,-9999,19.5,118,Pacific
Wang et al. (2021),O2 + CFC12 + SF6 + TTD,0.635,0.021213203,0.021213203,2000,-9999,-9999,19.5,118,Pacific
Wang et al. (2021),O2 + CFC12 + SF6 + TTD,0.665,0.06363961,0.06363961,2500,-9999,-9999,19.5,118,Pacific
Wang et al. (2021),O2 + CFC12 + SF6 + TTD,0.635,0.021213203,0.021213203,3000,-9999,-9999,19.5,118,Pacific
Wang et al. (2021),O2 + CFC12 + SF6 + TTD,0.63,-9999,-9999,3300,-9999,-9999,19.5,118,Pacific
Wang et al. (2021),O2 + CFC12 + SF6 + TTD,0.62,-9999,-9999,3500,-9999,-9999,19.5,118,Pacific
Wang et al. (2021),O2 + CFC12 + SF6 + TTD,0.66,-9999,-9999,3800,-9999,-9999,19.5,118,Pacific
Wang et al. (2021),O2 + CFC12 + SF6 + TTD,0.57,-9999,-9999,4000,-9999,-9999,19.5,118,Pacific
Sulpis et al. (2023),TOU + TTD + CFC12 + 14C,4.77,0.691,0.691,300,250,Twilight,46,-176,Pacific
Sulpis et al. (2023),TOU + TTD + CFC12 + 14C,0.288,0.015,0.015,1775,1225,Midnight,46,-176,Pacific
Sulpis et al. (2023),TOU + TTD + CFC12 + 14C,0.103,0.002,0.002,4300,1300,Abyss,46,-176,Pacific
Sulpis et al. (2023),TOU + TTD + CFC12 + 14C,3.27,0.785,0.785,339,250,Twilight,21,-176,Pacific
Sulpis et al. (2023),TOU + TTD + CFC12 + 14C,0.355,0.024,0.024,1794.5,1205.5,Midnight,21,-176,Pacific
Sulpis et al. (2023),TOU + TTD + CFC12 + 14C,0.046,0.003,0.003,3905,905,Abyss,21,-176,Pacific
Sulpis et al. (2023),TOU + TTD + CFC12 + 14C,2.56,0.213,0.213,319,250,Twilight,4,-151,Pacific
Sulpis et al. (2023),TOU + TTD + CFC12 + 14C,0.354,0.015,0.015,1784.5,1215.5,Midnight,4,-151,Pacific
Sulpis et al. (2023),TOU + TTD + CFC12 + 14C,0.095,0.004,0.004,3787,787,Abyss,4,-151,Pacific
Sulpis et al. (2023),TOU + TTD + CFC12 + 14C,3.03,0.807,0.807,334,250,Twilight,-27,-136,Pacific
Sulpis et al. (2023),TOU + TTD + CFC12 + 14C,0.448,0.147,0.147,1792,1208,Midnight,-27,-136,Pacific
Sulpis et al. (2023),TOU + TTD + CFC12 + 14C,0.054,0.002,0.002,3297,297,Abyss,-27,-136,Pacific
Sulpis et al. (2023),TOU + TTD + CFC12 + 14C,4.11,0.602,0.602,297,250,Twilight,54,-28,Atlantic
Sulpis et al. (2023),TOU + TTD + CFC12 + 14C,0.433,0.073,0.073,1773.5,1226.5,Midnight,54,-28,Atlantic
Sulpis et al. (2023),TOU + TTD + CFC12 + 14C,0.132,0.019,0.019,3850,850,Abyss,54,-28,Atlantic
Sulpis et al. (2023),TOU + TTD + CFC12 + 14C,2.73,0.683,0.683,332,250,Twilight,24,-44,Atlantic
Sulpis et al. (2023),TOU + TTD + CFC12 + 14C,0.31,0.099,0.099,1791,1209,Midnight,24,-44,Atlantic
Sulpis et al. (2023),TOU + TTD + CFC12 + 14C,0.073,0.023,0.023,4423.5,1423.5,Abyss,24,-44,Atlantic
Sulpis et al. (2023),TOU + TTD + CFC12 + 14C,2.31,0.301,0.301,312,250,Twilight,1,-12,Atlantic
Sulpis et al. (2023),TOU + TTD + CFC12 + 14C,0.317,0.034,0.034,1781,1219,Midnight,1,-12,Atlantic
Sulpis et al. (2023),TOU + TTD + CFC12 + 14C,0.093,0.040,0.040,3482.5,482.5,Abyss,1,-12,Atlantic
Sulpis et al. (2023),TOU + TTD + CFC12 + 14C,2.43,0.624,0.624,330,250,Twilight,-21,-17,Atlantic
Sulpis et al. (2023),TOU + TTD + CFC12 + 14C,0.409,0.127,0.127,1790,1210,Midnight,-21,-17,Atlantic
Sulpis et al. (2023),TOU + TTD + CFC12 + 14C,0.098,0.032,0.032,4015.5,1015.5,Abyss,-21,-17,Atlantic
Sulpis et al. (2023),TOU + TTD + CFC12 + 14C,2.8,0.717,0.717,327,250,Twilight,-17,77,Indian
Sulpis et al. (2023),TOU + TTD + CFC12 + 14C,0.382,0.120,0.120,1788.5,1211.5,Midnight,-17,77,Indian
Sulpis et al. (2023),TOU + TTD + CFC12 + 14C,0.096,0.003,0.003,3457.5,457.5,Abyss,-17,77,Indian
Sulpis et al. (2023),TOU + TTD + CFC12 + 14C,3.61,0.718,0.718,306,250,Twilight,-50,100,Southern
Sulpis et al. (2023),TOU + TTD + CFC12 + 14C,1.43,0.139,0.139,1778,1222,Midnight,-50,100,Southern
Sulpis et al. (2023),TOU + TTD + CFC12 + 14C,0.126,0.002,0.002,3612,612,Abyss,-50,100,Southern
Sulpis et al. (2023),TOU + TTD + CFC12 + 14C,4.5,-9999,-9999,120,-9999,-9999,-9999,-9999,Global
Sulpis et al. (2023),TOU + TTD + CFC12 + 14C,1.85,-9999,-9999,250,-9999,-9999,-9999,-9999,Global
Sulpis et al. (2023),TOU + TTD + CFC12 + 14C,0.72,-9999,-9999,500,-9999,-9999,-9999,-9999,Global
Sulpis et al. (2023),TOU + TTD + CFC12 + 14C,0.27,-9999,-9999,750,-9999,-9999,-9999,-9999,Global
Sulpis et al. (2023),TOU + TTD + CFC12 + 14C,0.185,-9999,-9999,1000,-9999,-9999,-9999,-9999,Global
Sulpis et al. (2023),TOU + TTD + CFC12 + 14C,0.104,-9999,-9999,1500,-9999,-9999,-9999,-9999,Global
Sulpis et al. (2023),TOU + TTD + CFC12 + 14C,0.118,-9999,-9999,2000,-9999,-9999,-9999,-9999,Global
Sulpis et al. (2023),TOU + TTD + CFC12 + 14C,0.081,-9999,-9999,2500,-9999,-9999,-9999,-9999,Global
Sulpis et al. (2023),TOU + TTD + CFC12 + 14C,0.092,-9999,-9999,3000,-9999,-9999,-9999,-9999,Global
Sulpis et al. (2023),TOU + TTD + CFC12 + 14C,0.081,-9999,-9999,3500,-9999,-9999,-9999,-9999,Global
Sulpis et al. (2023),TOU + TTD + CFC12 + 14C,0.05,-9999,-9999,4000,-9999,-9999,-9999,-9999,Global
Sulpis et al. (2023),TOU + TTD + CFC12 + 14C,0.041,-9999,-9999,4500,-9999,-9999,-9999,-9999,Global
Cohn et al. (2024),O2 (incubations),635.2780488,-9999,-9999,5,-9999,-9999,50,-145,Pacific
Cohn et al. (2024),O2 (incubations),750.6536585,-9999,-9999,5,-9999,-9999,50,-145,Pacific
Cohn et al. (2024),O2 (incubations),377.8195122,-9999,-9999,5,-9999,-9999,50,-145,Pacific
Cohn et al. (2024),O2 (incubations),120.004878,-9999,-9999,5,-9999,-9999,50,-145,Pacific
Cohn et al. (2024),O2 (incubations),441.9170732,-9999,-9999,5,-9999,-9999,50,-145,Pacific
Cohn et al. (2024),O2 (incubations),605.0097561,-9999,-9999,5,-9999,-9999,50,-145,Pacific
Cohn et al. (2024),O2 (incubations),511,-9999,-9999,8,-9999,-9999,50,-145,Pacific
Cohn et al. (2024),O2 (incubations),533.0780488,-9999,-9999,8,-9999,-9999,50,-145,Pacific
Cohn et al. (2024),O2 (incubations),339.3609756,-9999,-9999,5,-9999,-9999,50,-145,Pacific
Cohn et al. (2024),O2 (incubations),279.5365854,-9999,-9999,5,-9999,-9999,50,-145,Pacific
Cohn et al. (2024),O2 (incubations),282.0292683,-9999,-9999,5,-9999,-9999,50,-145,Pacific
Cohn et al. (2024),O2 (incubations),373.902439,-9999,-9999,5,-9999,-9999,50,-145,Pacific
Cohn et al. (2024),O2 (incubations),330.4585366,-9999,-9999,5,-9999,-9999,50,-145,Pacific
Cohn et al. (2024),O2 (incubations),454.0243902,-9999,-9999,5,-9999,-9999,50,-145,Pacific
Cohn et al. (2024),O2 (incubations),802.6439024,-9999,-9999,5,-9999,-9999,50,-145,Pacific
Cohn et al. (2024),O2 (incubations),326.5414634,-9999,-9999,5,-9999,-9999,50,-145,Pacific
Cohn et al. (2024),O2 (incubations),252.8292683,-9999,-9999,5,-9999,-9999,50,-145,Pacific
Cohn et al. (2024),O2 (incubations),484.6487805,-9999,-9999,5,-9999,-9999,50,-145,Pacific
Cohn et al. (2024),O2 (incubations),264.2243902,-9999,-9999,5,-9999,-9999,50,-145,Pacific
Cohn et al. (2024),O2 (incubations),440.4926829,-9999,-9999,5,-9999,-9999,50,-145,Pacific
Cohn et al. (2024),O2 (incubations),325.4731707,-9999,-9999,5,-9999,-9999,50,-145,Pacific
Cohn et al. (2024),O2 (incubations),579.0146341,-9999,-9999,5,-9999,-9999,50,-145,Pacific
Cohn et al. (2024),O2 (incubations),591.1219512,-9999,-9999,5,-9999,-9999,50,-145,Pacific
Cohn et al. (2024),O2 (incubations),275.6195122,-9999,-9999,5,-9999,-9999,50,-145,Pacific
Cohn et al. (2024),O2 (incubations),372.4780488,-9999,-9999,5,-9999,-9999,50,-145,Pacific
Cohn et al. (2024),O2 (incubations),316.9268293,-9999,-9999,5,-9999,-9999,50,-145,Pacific
Cohn et al. (2024),O2 (incubations),412.3609756,-9999,-9999,5,-9999,-9999,50,-145,Pacific
Cohn et al. (2024),O2 (incubations),362.8634146,-9999,-9999,5,-9999,-9999,50,-145,Pacific
Cohn et al. (2024),O2 (incubations),404.8829268,-9999,-9999,5,-9999,-9999,50,-145,Pacific
Cohn et al. (2024),O2 (incubations),367.8487805,-9999,-9999,5,-9999,-9999,50,-145,Pacific
Cohn et al. (2024),O2 (incubations),334.0195122,-9999,-9999,5,-9999,-9999,50,-145,Pacific
Cohn et al. (2024),O2 (incubations),414.8536585,-9999,-9999,5,-9999,-9999,50,-145,Pacific
Cohn et al. (2024),O2 (incubations),401.6780488,-9999,-9999,20,-9999,-9999,50,-145,Pacific
Cohn et al. (2024),O2 (incubations),647.3853659,-9999,-9999,20,-9999,-9999,50,-145,Pacific
Cohn et al. (2024),O2 (incubations),386.0097561,-9999,-9999,35,-9999,-9999,50,-145,Pacific
Cohn et al. (2024),O2 (incubations),466.4878049,-9999,-9999,35,-9999,-9999,50,-145,Pacific
Cohn et al. (2024),O2 (incubations),311.5853659,-9999,-9999,50,-9999,-9999,50,-145,Pacific
Cohn et al. (2024),O2 (incubations),206.8926829,-9999,-9999,50,-9999,-9999,50,-145,Pacific
Cohn et al. (2024),O2 (incubations),232.1756098,-9999,-9999,65,-9999,-9999,50,-145,Pacific
Cohn et al. (2024),O2 (incubations),316.5707317,-9999,-9999,65,-9999,-9999,50,-145,Pacific
Cohn et al. (2024),O2 (incubations),225.7658537,-9999,-9999,80,-9999,-9999,50,-145,Pacific
Cohn et al. (2024),O2 (incubations),433.0146341,-9999,-9999,80,-9999,-9999,50,-145,Pacific
Cohn et al. (2024),O2 (incubations),342.2097561,-9999,-9999,95,-9999,-9999,50,-145,Pacific
Cohn et al. (2024),O2 (incubations),529.8731707,-9999,-9999,95,-9999,-9999,50,-145,Pacific
Cohn et al. (2024),O2 (incubations),366.0672515,-9999,-9999,5,-9999,-9999,49,-15,Atlantic
Cohn et al. (2024),O2 (incubations),472.4366472,-9999,-9999,5,-9999,-9999,49,-15,Atlantic
Cohn et al. (2024),O2 (incubations),553.1920078,-9999,-9999,5,-9999,-9999,49,-15,Atlantic
Cohn et al. (2024),O2 (incubations),295.2729045,-9999,-9999,75,-9999,-9999,49,-15,Atlantic
Cohn et al. (2024),O2 (incubations),114.9074074,-9999,-9999,75,-9999,-9999,49,-15,Atlantic
Cohn et al. (2024),O2 (incubations),420.8528265,-9999,-9999,5,-9999,-9999,49,-15,Atlantic
Cohn et al. (2024),O2 (incubations),289.9366472,-9999,-9999,5,-9999,-9999,49,-15,Atlantic
Cohn et al. (2024),O2 (incubations),144.4346979,-9999,-9999,5,-9999,-9999,49,-15,Atlantic
Cohn et al. (2024),O2 (incubations),310.5701754,-9999,-9999,75,-9999,-9999,49,-15,Atlantic
Cohn et al. (2024),O2 (incubations),260.0536062,-9999,-9999,75,-9999,-9999,49,-15,Atlantic
Cohn et al. (2024),O2 (incubations),397.3732943,-9999,-9999,75,-9999,-9999,49,-15,Atlantic
Cohn et al. (2024),O2 (incubations),1621.866472,-9999,-9999,5,-9999,-9999,49,-15,Atlantic
Cohn et al. (2024),O2 (incubations),1123.104288,-9999,-9999,5,-9999,-9999,49,-15,Atlantic
Cohn et al. (2024),O2 (incubations),558.1725146,-9999,-9999,5,-9999,-9999,49,-15,Atlantic
Cohn et al. (2024),O2 (incubations),33.08479532,-9999,-9999,75,-9999,-9999,49,-15,Atlantic
Cohn et al. (2024),O2 (incubations),99.96588694,-9999,-9999,75,-9999,-9999,49,-15,Atlantic
Cohn et al. (2024),O2 (incubations),155.462963,-9999,-9999,75,-9999,-9999,49,-15,Atlantic
Cohn et al. (2024),O2 (incubations),791.9005848,-9999,-9999,5,-9999,-9999,49,-15,Atlantic
Cohn et al. (2024),O2 (incubations),839.2153996,-9999,-9999,5,-9999,-9999,49,-15,Atlantic
Cohn et al. (2024),O2 (incubations),152.2612086,-9999,-9999,75,-9999,-9999,49,-15,Atlantic
Cohn et al. (2024),O2 (incubations),627.8996101,-9999,-9999,5,-9999,-9999,49,-15,Atlantic
Cohn et al. (2024),O2 (incubations),792.9678363,-9999,-9999,5,-9999,-9999,49,-15,Atlantic
Cohn et al. (2024),O2 (incubations),84.3128655,-9999,-9999,75,-9999,-9999,49,-15,Atlantic
Cohn et al. (2024),O2 (incubations),305.2339181,-9999,-9999,5,-9999,-9999,49,-15,Atlantic
Cohn et al. (2024),O2 (incubations),492.714425,-9999,-9999,5,-9999,-9999,49,-15,Atlantic
Cohn et al. (2024),O2 (incubations),397.7290448,-9999,-9999,75,-9999,-9999,49,-15,Atlantic
Cohn et al. (2024),O2 (incubations),454.6491228,-9999,-9999,75,-9999,-9999,49,-15,Atlantic
Cohn et al. (2024),O2 (incubations),913.5672515,-9999,-9999,5,-9999,-9999,49,-15,Atlantic
Cohn et al. (2024),O2 (incubations),369.9805068,-9999,-9999,5,-9999,-9999,49,-15,Atlantic
Cohn et al. (2024),O2 (incubations),173.6062378,-9999,-9999,95,-9999,-9999,49,-15,Atlantic
Cohn et al. (2024),O2 (incubations),151.9054581,-9999,-9999,95,-9999,-9999,49,-15,Atlantic
Cohn et al. (2024),O2 (incubations),151.9054581,-9999,-9999,5,-9999,-9999,49,-15,Atlantic
Cohn et al. (2024),O2 (incubations),451.8031189,-9999,-9999,5,-9999,-9999,49,-15,Atlantic
Cohn et al. (2024),O2 (incubations),83.95711501,-9999,-9999,95,-9999,-9999,49,-15,Atlantic
Cohn et al. (2024),O2 (incubations),80.04385965,-9999,-9999,95,-9999,-9999,49,-15,Atlantic
Cohn et al. (2024),O2 (incubations),573.8255361,-9999,-9999,5,-9999,-9999,49,-15,Atlantic
Cohn et al. (2024),O2 (incubations),87.1588694,-9999,-9999,95,-9999,-9999,49,-15,Atlantic
Cohn et al. (2024),O2 (incubations),318.7524366,-9999,-9999,5,-9999,-9999,49,-15,Atlantic
Cohn et al. (2024),O2 (incubations),981.1598441,-9999,-9999,5,-9999,-9999,49,-15,Atlantic
Cohn et al. (2024),O2 (incubations),581.6520468,-9999,-9999,5,-9999,-9999,49,-15,Atlantic
Dehairs et al. (1997),O2 + 1D inverse model,1.172833496,-9999,-9999,199,-9999,-9999,-49,-6,Atlantic
Dehairs et al. (1997),O2 + 1D inverse model,3.163096397,-9999,-9999,248,-9999,-9999,-49,-6,Atlantic
Dehairs et al. (1997),O2 + 1D inverse model,2.701071081,-9999,-9999,296,-9999,-9999,-49,-6,Atlantic
Dehairs et al. (1997),O2 + 1D inverse model,1.457156767,-9999,-9999,419,-9999,-9999,-49,-6,Atlantic
Dehairs et al. (1997),O2 + 1D inverse model,0.959591042,-9999,-9999,496,-9999,-9999,-49,-6,Atlantic
Dehairs et al. (1997),O2 + 1D inverse model,0.67526777,-9999,-9999,594,-9999,-9999,-49,-6,Atlantic
Dehairs et al. (1997),O2 + 1D inverse model,1.421616358,-9999,-9999,99,-9999,-9999,-53,-6,Atlantic
Dehairs et al. (1997),O2 + 1D inverse model,2.025803311,-9999,-9999,150,-9999,-9999,-53,-6,Atlantic
Dehairs et al. (1997),O2 + 1D inverse model,7.889970789,-9999,-9999,198,-9999,-9999,-53,-6,Atlantic
Dehairs et al. (1997),O2 + 1D inverse model,5.508763389,-9999,-9999,248,-9999,-9999,-53,-6,Atlantic
Dehairs et al. (1997),O2 + 1D inverse model,3.198636806,-9999,-9999,300,-9999,-9999,-53,-6,Atlantic
Dehairs et al. (1997),O2 + 1D inverse model,0.426484907,-9999,-9999,421,-9999,-9999,-53,-6,Atlantic
Dehairs et al. (1997),O2 + 1D inverse model,0.462025316,-9999,-9999,494,-9999,-9999,-53,-6,Atlantic
Dehairs et al. (1997),O2 + 1D inverse model,1.03067186,-9999,-9999,594,-9999,-9999,-53,-6,Atlantic
Chen (1990),O2 + mass balance,0.13,0.002,0.002,2000,-9999,PDW,40,-160,Pacific
Levine et al. (2009),O2 + 18O + 2-D isopycnal slab model,2.85,-9999,-9999,600,-9999,-9999,-14.5,-13,Atlantic
Levine et al. (2009),O2 + 18O + 1-D diapycnal model,0.31,-9999,-9999,555.5,263.5,263.5,-14.5,4,Atlantic
Mazuecos et al. (2015),O2 (incubations),90.45189504,-9999,-9999,550,-9999,-9999,-25.9,-27.6,Atlantic
Mazuecos et al. (2015),O2 (incubations),90.00970874,-9999,-9999,585,-9999,-9999,-28.7,-11.8,Atlantic
Mazuecos et al. (2015),O2 (incubations),72.07684825,-9999,-9999,330,-9999,-9999,-32.8,12.8,Atlantic
Mazuecos et al. (2015),O2 (incubations),165.8122568,-9999,-9999,430,-9999,-9999,-34.4,31.1,Indian
Mazuecos et al. (2015),O2 (incubations),120.6025267,-9999,-9999,450,-9999,-9999,-28,63.3,Indian
Mazuecos et al. (2015),O2 (incubations),123.7949466,-9999,-9999,450,-9999,-9999,-29.6,72.4,Indian
Mazuecos et al. (2015),O2 (incubations),97.19144801,-9999,-9999,450,-9999,-9999,-29.8,82.6,Indian
Mazuecos et al. (2015),O2 (incubations),105.3498542,-9999,-9999,450,-9999,-9999,-29.6,93,Indian
Mazuecos et al. (2015),O2 (incubations),51.43343052,-9999,-9999,450,-9999,-9999,-30.3,103.3,Indian
Mazuecos et al. (2015),O2 (incubations),46.46744412,-9999,-9999,400,-9999,-9999,-39.2,135.1,Indian
Carlson et al. (2010),DOC + CFC12 + O2 (Single end-member mixing),4.613095238,-9999,-9999,170,-9999,UTCL,30,-25,Atlantic
Carlson et al. (2010),DOC + CFC12 + O2 (Single end-member mixing),5.092592593,-9999,-9999,235,-9999,STMW,30,-25,Atlantic
Carlson et al. (2010),DOC + CFC12 + O2 (Single end-member mixing),4.96031746,-9999,-9999,292,-9999,LTCL,30,-25,Atlantic
Carlson et al. (2010),DOC + CFC12 + O2 (Single end-member mixing),1.984126984,-9999,-9999,1710,-9999,LSW,30,-25,Atlantic
Carlson et al. (2010),DOC + CFC12 + O2 (Single end-member mixing),1.315789474,-9999,-9999,2333,-9999,ISOW,30,-25,Atlantic
Carlson et al. (2010),DOC + CFC12 + O2 (Single end-member mixing),1.736111111,-9999,-9999,3783,-9999,DSOW,30,-25,Atlantic
Carlson et al. (2010),DOC + CFC12 + O2 (Binary Mixing),6.454248366,-9999,-9999,170,-9999,UTCL,30,-25,Atlantic
Carlson et al. (2010),DOC + CFC12 + O2 (Binary Mixing),3.125,-9999,-9999,235,-9999,STMW,30,-25,Atlantic
Carlson et al. (2010),DOC + CFC12 + O2 (Binary Mixing),4.166666667,-9999,-9999,292,-9999,LTCL,30,-25,Atlantic
Carlson et al. (2010),DOC + CFC12 + O2 (Multiple Linear regression),3.858024691,-9999,-9999,170,-9999,UTCL,30,-25,Atlantic
Carlson et al. (2010),DOC + CFC12 + O2 (Multiple Linear regression),4.722222222,-9999,-9999,235,-9999,STMW,30,-25,Atlantic
Carlson et al. (2010),DOC + CFC12 + O2 (Multiple Linear regression),5,-9999,-9999,292,-9999,LTCL,30,-25,Atlantic
Carlson et al. (2010),DOC + CFC12 + O2 (Multiple Linear regression),1.967592593,-9999,-9999,1710,-9999,LSW,30,-25,Atlantic
Carlson et al. (2010),DOC + CFC12 + O2 (Multiple Linear regression),1.388888889,-9999,-9999,2333,-9999,ISOW,30,-25,Atlantic
Carlson et al. (2010),DOC + CFC12 + O2 (Multiple Linear regression),2.00617284,-9999,-9999,3783,-9999,DSOW,30,-25,Atlantic
Odate et al. (2002),O2 (incubations),674.6108949,-9999,-9999,0,-9999,-9999,-59,56.9,Southern
Odate et al. (2002),O2 (incubations),532.5875486,-9999,-9999,0,-9999,-9999,-59,45.1,Southern
Odate et al. (2002),O2 (incubations),284.0466926,-9999,-9999,0,-9999,-9999,-64.5,25.2,Southern
Odate et al. (2002),O2 (incubations),1278.210117,-9999,-9999,10,-9999,-9999,-70,23.8,Southern
Odate et al. (2002),O2 (incubations),390.5642023,-9999,-9999,5,-9999,-9999,-64.1,38,Southern
Odate et al. (2002),O2 (incubations),319.5525292,-9999,-9999,15,-9999,-9999,-64.1,38,Southern
Odate et al. (2002),O2 (incubations),213.0350195,-9999,-9999,30,-9999,-9999,-64.1,38,Southern
Odate et al. (2002),O2 (incubations),142.0233463,-9999,-9999,50,-9999,-9999,-64.1,38,Southern
Odate et al. (2002),O2 (incubations),142.0233463,-9999,-9999,75,-9999,-9999,-64.1,38,Southern
Odate et al. (2002),O2 (incubations),710.1167315,-9999,-9999,5,-9999,-9999,-64.1,38,Southern
Odate et al. (2002),O2 (incubations),639.1050584,-9999,-9999,15,-9999,-9999,-64.1,38,Southern
Odate et al. (2002),O2 (incubations),568.0933852,-9999,-9999,50,-9999,-9999,-64.1,38,Southern
Schutte et al. (2016),O2,69.35,29.2,29.2,100,-9999,-9999,12,-22,Atlantic
Xie et al. (2021),O2 + T/3He,4.15,0.27,0.27,300,200,-9999,18,116,Pacific
Xie et al. (2021),O2 + T/3He,0.8,0.23,0.23,900,100,-9999,18,116,Pacific
Hennon et al. (2016),O2 (Argo floats),57.88704966,22.16650438,22.16650438,80,-9999,-9999,-57.5,-56,Atlantic
Hennon et al. (2016),O2 (Argo floats),46.02726388,17.78967868,17.78967868,115,-9999,-9999,-57.5,-56,Atlantic
Hennon et al. (2016),O2 (Argo floats),29.22590068,21.7429406,21.7429406,150,-9999,-9999,-57.5,-56,Atlantic
Hennon et al. (2016),O2 (Argo floats),19.34274586,17.9308666,17.9308666,200,-9999,-9999,-57.5,-56,Atlantic
Hennon et al. (2016),O2 (Argo floats),25.83739046,12.84810127,12.84810127,100,-9999,-9999,34,-60,Atlantic
Hennon et al. (2016),O2 (Argo floats),24.4255112,15.38948393,15.38948393,150,-9999,-9999,34,-60,Atlantic
Hennon et al. (2016),O2 (Argo floats),18.35443038,12.98928919,12.98928919,200,-9999,-9999,34,-60,Atlantic
Hennon et al. (2016),O2 (Argo floats),21.31937683,6.494644596,6.494644596,135,-9999,-9999,31.67,-64.16,Atlantic
Hennon et al. (2016),O2 (Argo floats),14.82473223,7.341772152,7.341772152,168,-9999,-9999,31.67,-64.16,Atlantic
Hennon et al. (2016),O2 (Argo floats),9.17721519,5.929892892,5.929892892,200,-9999,-9999,31.67,-64.16,Atlantic
Hennon et al. (2016),O2 (Argo floats),21.7429406,8.753651412,8.753651412,80,-9999,-9999,-40,90,Indian
Hennon et al. (2016),O2 (Argo floats),19.34274586,5.64751704,5.64751704,150,-9999,-9999,-40,90,Indian
Hennon et al. (2016),O2 (Argo floats),13.27166504,4.800389484,4.800389484,200,-9999,-9999,-40,90,Indian
Hennon et al. (2016),O2 (Argo floats),9.459591042,4.518013632,4.518013632,250,-9999,-9999,-40,90,Indian
Hennon et al. (2016),O2 (Argo floats),7.341772152,4.94157741,4.94157741,300,-9999,-9999,-40,90,Indian
Hennon et al. (2016),O2 (Argo floats),28.2375852,13.69522882,13.69522882,80,-9999,-9999,50,-145,Pacific
Hennon et al. (2016),O2 (Argo floats),32.0496592,25.97857838,25.97857838,80,-9999,-9999,35.5,152,Pacific
Hennon et al. (2016),O2 (Argo floats),36.00292113,18.07205453,18.07205453,120,-9999,-9999,35.5,152,Pacific
Hennon et al. (2016),O2 (Argo floats),29.50827653,11.57740993,11.57740993,150,-9999,-9999,35.5,152,Pacific
Hennon et al. (2016),O2 (Argo floats),20.89581305,8.330087634,8.330087634,200,-9999,-9999,35.5,152,Pacific
Hennon et al. (2016),O2 (Argo floats),12.56572541,9.318403116,9.318403116,250,-9999,-9999,35.5,152,Pacific
Billheimer et al. (2021),O2 (Argo floats),36.135,-9999,-9999,115,-9999,-9999,36,60,Atlantic
Billheimer et al. (2021),O2 (Argo floats),58.4,-9999,-9999,115,-9999,-9999,36,60,Atlantic
Sonnerup et al. (2019),O2 + CFC12 + SF6,20.9,7.3,7.3,117,23,26.1-26.2,-17,-80,Pacific
Sonnerup et al. (2019),O2 + CFC12 + SF6,11.2,4.7,4.7,117,23,26.1-26.2,-17,-80,Pacific
Sonnerup et al. (2019),O2 + CFC12 + SF6,2.8,0.5,0.5,144,29,26.2-26.4,-17,-80,Pacific
Sonnerup et al. (2019),O2 + CFC12 + SF6,1.9,0.3,0.3,144,29,26.2-26.4,-17,-80,Pacific
Sonnerup et al. (2019),O2 + CFC12 + SF6,1.5,-9999,-9999,191,15,26.4-26.5,-17,-80,Pacific
Sonnerup et al. (2019),O2 + CFC12 + SF6,0.8,0.4,0.4,396,15,26.8-26.9,-17,-80,Pacific
Sonnerup et al. (2019),O2 + CFC12 + SF6,0.6,0.2,0.2,479,29,26.9-27.0,-17,-80,Pacific
Sonnerup et al. (2019),O2 + CFC12 + SF6,1.3,0.5,0.5,544,44,27.0-27.1,-17,-80,Pacific
Sonnerup et al. (2019),O2 + CFC12 + SF6,0.9,0.2,0.2,667,50,27.1-27.2,-17,-80,Pacific
Sonnerup et al. (2019),O2 + CFC12 + SF6,3.19,-9999,-9999,117,23,26.1-26.2,-17,-80,Pacific
Sonnerup et al. (2019),O2 + CFC12 + SF6,0.11,0.01,0.01,144,29,26.2-26.4,-17,-80,Pacific
Stramma et al. (2010),O2 + current measurements,4,-9999,-9999,400,-9999,-9999,0,-125,Pacific
Sonnerup et al. (1999),O2 + CFC11 + 1D AD model,6.6,1.1,1.1,275,-9999,25.5-26.0,30,-152,Pacific
Sonnerup et al. (1999),O2 + CFC11 + 1D AD model,4.8,0.6,0.6,350,-9999,26.0-26.2,30,-152,Pacific
Sonnerup et al. (1999),O2 + CFC11 + 1D AD model,3.5,0.5,0.5,410,-9999,26.2-26.4,30,-152,Pacific
Sonnerup et al. (1999),O2 + CFC11 + 1D AD model,3.2,0.3,0.3,490,-9999,26.4-26.6,30,-152,Pacific
Sonnerup et al. (1999),O2 + CFC11 + 1D AD model,5.1,1.4,1.4,275,-9999,25.5-26.0,30,-152,Pacific
Sonnerup et al. (1999),O2 + CFC11 + 1D AD model,3.8,0.6,0.6,350,-9999,26.0-26.2,30,-152,Pacific
Sonnerup et al. (1999),O2 + CFC11 + 1D AD model,3.4,0.3,0.3,410,-9999,26.2-26.4,30,-152,Pacific
Sonnerup et al. (1999),O2 + CFC11 + 1D AD model,3.5,0.8,0.8,490,-9999,26.4-26.6,30,-152,Pacific
Weinbauer et al. (2013),O2 (incubations),273.1292517,166.6088435,166.6088435,300,-9999,-9999,43.85,7.32,Mediterranean
Olson et al. (1993),O2 + CFC11,4.383504,-9999,-9999,600,400,-9999,8,62,Indian
Warner & Weiss (1992),O2 + CFC11 + CFC12 + 1D AD model,2.7,2,2,600,-9999,AAIW,-35,0,Atlantic
Warner et al. (1996),O2 + CFC11,15,-9999,-9999,-9999,-9999,-9999,47,-170,Pacific
Warner et al. (1996),O2 + CFC11,9,-9999,-9999,-9999,-9999,-9999,24,-170,Pacific
Jenkins (2008),O2 + CFC11 + CFC12 + water mass model,14.48,-9999,-9999,400,200,-9999,40,135,Pacific
Jenkins (2008),O2 + CFC11 + CFC12 + water mass model,1.73,-9999,-9999,1050,450,-9999,40,135,Pacific
Jenkins (2008),O2 + CFC11 + CFC12 + water mass model,0.75,-9999,-9999,2000,500,-9999,40,135,Pacific
Jenkins (2008),O2 + CFC11 + CFC12 + water mass model,0.74,-9999,-9999,2500,-9999,-9999,40,135,Pacific
Takahata et al. (2008),O2 + T/3He,3.6,0.4,0.4,750,250,-9999,41.3,137.4,Pacific
Takahata et al. (2008),O2 + T/3He,2.7,0.3,0.3,750,250,-9999,40.4,137.4,Pacific
Wallace et al. (1987),O2 + CFC-11 + CFC-12 + 1.5D model,18.38063158,-9999,-9999,60,-9999,-9999,85.83,-108.83,Arctic
Wallace et al. (1987),O2 + CFC-11 + CFC-12 + 1.5D model,2.827789474,-9999,-9999,78,-9999,-9999,85.83,-108.83,Arctic
Wallace et al. (1987),O2 + CFC-11 + CFC-12 + 1.5D model,4.825684211,-9999,-9999,110,-9999,-9999,85.83,-108.83,Arctic
Wallace et al. (1987),O2 + CFC-11 + CFC-12 + 1.5D model,5.870736842,-9999,-9999,150,-9999,-9999,85.83,-108.83,Arctic
